{
  "posts": [
    {
      "fname": "food1",
      "price": "10",
      "img_url": "https://weneedfun.com/wp-content/uploads/2015/10/Delicious-Food-Photos-12.jpg",
      "quan": "5",
      "id": 2
    },
    {
      "fname": "food2",
      "price": "20",
      "img_url": "https://weneedfun.com/wp-content/uploads/2015/10/Beautiful-Food-Photos-15.jpg",
      "quan": "3",
      "id": 3
    },
    {
      "fname": "food3",
      "price": "100",
      "img_url": "https://weneedfun.com/wp-content/uploads/2015/10/Beautiful-Food-Photos-15.jpg",
      "quan": "19",
      "id": 4
    }
  ],
  "comments": [],
  "profile": {
    "name": "typicode"
  }
}